{"cameraMode":{"drawMode":0,"name":"Shaded","section":"Shading Mode"},"sceneLighting":true,"audioPlay":false,"sceneViewState":{"m_AlwaysRefresh":false,"showFog":true,"showSkybox":true,"showFlares":true,"showImageEffects":true,"showParticleSystems":true,"showVisualEffectGraphs":true,"m_FxEnabled":true},"in2DMode":false,"pivot":{"x":-3.0619962215423586,"y":0.4717369079589844,"z":0.3124656677246094},"rotation":{"x":0.17300601303577424,"y":-0.19157648086547852,"z":0.03437609225511551,"w":0.9655362963676453},"size":12.652042388916016,"orthographic":false}